model,loo,loo_SE,waic
full,-6455.22427239832,613.926992780237,-6464.569871597507
conv,-6126.287923924726,615.4213186583753,-6125.053763448347
con,-5926.509178274083,616.7318494140839,-5935.126232864906
ups,-5709.425415865366,615.5986265138331,-5691.833723657057
cb,4617.910627695477,673.2231277608456,4616.3395194930945
null,10045.765254223737,676.065304842678,10057.539574729335
