model,loo,loo_SE,waic
full,-2078.044188354719,585.1208338416699,-2085.155317571816
ups,-2074.9077289458282,586.7974971488175,-2086.656885975128
conv,-1714.826405407582,585.7387152323358,-1705.0522147457655
con,-730.2906723128023,594.6329024955489,-737.0373290033403
cb,12008.370019251617,666.2942261500108,12015.583492486536
null,13969.04316568794,648.2837496064569,13972.752495662455
