model,loo,loo_SE,waic
full,-38.209857465463124,356.057559114532,-43.68633818530043
conv,91.16953315027293,357.1481994287697,88.82843571744297
con,237.41037371764023,357.4211473317484,235.35470079697984
ups,584.2358308293101,359.07791677386103,580.0272430513772
cb,4286.258606679268,361.5443833821076,4283.340289151634
null,7393.298219139403,382.17769295165044,7391.165220037034
