model,loo,loo_SE,waic
full,-19288.077691790728,582.5655893900134,-19313.849555893015
conv,-18890.940539434443,583.6352185134847,-18915.697788472193
con,-18492.548115670834,583.4194272031202,-18510.608138585318
ups,-15733.469139549032,606.8971614151217,-15755.916846989054
cb,1648.465884320018,621.1488338294419,1633.1672192614642
null,21143.542798003215,705.2784097085811,21137.017284260026
